Season,median_AllAph,median_Acyrthosiphon,median_NonAcy,mean_AllAph,mean_Acyrthosiphon,mean_NonAcy,median_Anth,median_Ara,median_Cocc,median_Geoc,median_Ich,median_Nab,mean_Anth,mean_Ara,mean_Cocc,mean_Geoc,mean_Ich,mean_Nab,
Spring,65.83333333,60,0.333333333,173.7222222,171.5462963,2.175925926,4,0.666666667,1.666666667,1.166666667,13.66666667,0,6.466049383,0.916666667,1.984567901,2.080246914,22.09259259,0.24691358,
Fall,102,65,26,443.5473251,230.2880658,213.2592593,2,0.333333333,0,0,3,0,3.012345679,1.576131687,0.395061728,0.222222222,10.10288066,0.230452675,
,1.549367089,1.083333333,78,2.553198546,1.342425169,98.00851064,0.5,0.5,0,0,0.219512195,#DIV/0!,0.465871122,1.719416386,0.199066874,0.106824926,0.457297197,0.933333333,
,-0.549367089,-0.083333333,-77,-1.553198546,-0.342425169,-97.00851064,0.5,0.5,1,1,0.780487805,#DIV/0!,0.534128878,-0.719416386,0.800933126,0.893175074,0.542702803,0.066666667,0.353031694
